"city","n","mean_PM","se_PM","lower_ci","upper_ci"
"Beijing",2155,95.2164341027224,1.64737007361062,91.9876480892365,98.4452201162083
"Shanghai",1460,54.8116728634031,0.988821757431149,52.8736178317084,56.7497278950977
